SurveyName,Timestamp,email,In which country do you currently reside?,Country CODE,Select the title most similar to your current role,How would you rate your expertise in these languages [Python],How would you rate your expertise in these languages [R],How would you rate your expertise in these languages [SQL],How would you rate your expertise in these languages [C],How would you rate your expertise in these languages [C++],How would you rate your expertise in these languages [Java],How would you rate your expertise in these languages [Javascript],How would you rate your expertise in these languages [Panda],How would you rate your expertise in these languages [Bash],How would you rate your expertise in these languages [MATLAB],How would you rate your expertise in these languages [Other],How would you rate your overall analytics expertise?,"Which of the following big data products (relational databases, data warehouses, data lakes, or similar) do you use on a regular basis?",Have you realized these types of initiatives in these platforms? [Data Warehouse],Have you realized these types of initiatives in these platforms? [Data Lakes],Have you realized these types of initiatives in these platforms? [ML/AI],Have you realized these types of initiatives in these platforms? [Data Preparation],Have you realized these types of initiatives in these platforms? [ETL],Have you realized these types of initiatives in these platforms? [Data Onboarding]
ANALYTICS SURVEY,2020-02-24 17:30:48,dpoynzer0@dailymotion.com,United States,US,Assistant Professor,expert,none,expert,beginner,proficient,competent,proficient,beginner,none,none,none,3,Google Cloud BigQuery,AWS,Azure,Google Cloud;Azure,Azure,Google Cloud;AWS;Azure,Google Cloud
ANALYTICS SURVEY FSI,2020-06-04 20:13:15,amillward1@goo.gl,Vietnam,VN,Engineer II,proficient,beginner,competent,none,competent,competent,competent,proficient,competent,beginner,beginner,4,Google Cloud BigQuery,Google Cloud,AWS;Azure,Google Cloud;AWS;Azure,On-premise;AWS,On-premise;Azure,AWS;Azure
ANALYTICS SURVEY JAN-21,2020-09-08 05:02:42,lnoulton2@prnewswire.com,Ireland,IE,Executive Secretary,expert,beginner,proficient,proficient,none,beginner,expert,competent,beginner,beginner,expert,2,Microsoft SQL Server,Google Cloud,Google Cloud,Azure,Google Cloud;On-premise;Azure,Azure,Google Cloud
ANALYTICS SURVEY FEB-21,2020-08-15 16:01:13,rclavering3@youtube.com,Mongolia,MN,Health Coach I,beginner,competent,competent,proficient,proficient,none,none,beginner,proficient,expert,expert,2,Google Cloud BigQuery,Google Cloud,Google Cloud,Google Cloud;AWS;Azure,AWS,On-premise,On-premise;AWS
ANALYTICS SURVEY RETAIL,2020-05-16 23:59:43,hiacivelli4@examiner.com,Colombia,CO,Marketing Manager,competent,beginner,beginner,competent,beginner,competent,competent,beginner,expert,expert,beginner,5,Microsoft SQL Server,Google Cloud,AWS;Azure,AWS,Google Cloud;On-premise;Azure,On-premise;AWS,Google Cloud;On-premise;Azure
ANALYTICS SURVEY FEB-21,2020-09-16 18:18:02,jorman5@walmart.com,Brazil,BR,Statistician I,none,none,competent,beginner,competent,none,expert,proficient,beginner,expert,competent,1,Google Cloud BigQuery,Google Cloud,AWS;Azure,Google Cloud;Azure,"Google Cloud;On-premise,AWS",On-premise,On-premise;AWS
ANALYTICS SURVEY FEB-21,2020-09-10 05:05:25,golliff6@unc.edu,Georgia,GE,Cost Accountant,proficient,beginner,proficient,competent,none,proficient,none,beginner,expert,beginner,expert,3,Oracle Database,On-premise,Google Cloud;AWS,Google Cloud;AWS,AWS;Azure,Google Cloud;AWS;Azure,Google Cloud;On-premise;Azure
ANALYTICS SURVEY RETAIL,2020-12-09 11:23:48,kbesson7@scientificamerican.com,Indonesia,ID,Health Coach III,none,beginner,expert,expert,competent,proficient,none,competent,competent,expert,competent,3,Amazon Redshift,Google Cloud,Google Cloud;Azure,AWS,AWS,AWS;Azure,"Google Cloud;On-premise,AWS"
ANALYTICS SURVEY RETAIL,2020-10-11 23:49:05,chambleton8@flickr.com,Philippines,PH,Professor,expert,beginner,beginner,expert,none,competent,proficient,none,expert,beginner,expert,1,Teradata,On-premise,AWS,AWS,AWS,On-premise;AWS,Azure
ANALYTICS SURVEY JAN-21,2020-03-06 09:37:59,tfahey9@elegantthemes.com,Armenia,AM,Web Designer III,proficient,beginner,none,beginner,none,proficient,proficient,beginner,none,beginner,proficient,3,Google Cloud BigQuery,Azure,Google Cloud;AWS,AWS Azure,AWS,On-premise,AWS
ANALYTICS SURVEY FSI,2020-11-14 05:45:18,mdutnalla@sciencedirect.com,Indonesia,ID,Tax Accountant,none,competent,beginner,beginner,competent,proficient,expert,beginner,expert,beginner,proficient,1,Amazon Redshift;Google Cloud BigQuery;Oracle Database,On-premise,Google Cloud,Google Cloud;AWS,AWS,AWS;Azure,AWS
ANALYTICS SURVEY FEB-21,2020-11-24 01:53:03,gskewsb@mozilla.org,Poland,PL,Senior Editor,proficient,beginner,competent,beginner,expert,proficient,proficient,proficient,expert,competent,expert,2,Microsoft SQL Server,Azure,Google Cloud;Azure,Google Cloud;Azure,AWS;Azure,On-premise,"Google Cloud;On-premise,AWS"
ANALYTICS SURVEY RETAIL,2020-05-30 23:19:23,cmargerisonc@sun.com,Comoros,KM,Chemical Engineer,beginner,none,none,competent,none,proficient,proficient,proficient,competent,beginner,proficient,4,Google Cloud BigQuery,Google Cloud,AWS,Google Cloud;AWS,On-premise;Azure,On-premise;AWS,On-premise;Azure
ANALYTICS SURVEY FEB-21,2020-03-05 05:48:02,upischofd@seesaa.net,Indonesia,ID,Staff Scientist,,competent,beginner,,competent,expert,beginner,competent,,expert,none,,Amazon Redshift;Google Cloud BigQuery;Oracle Database,AWS,Google Cloud;Azure,,AWS;Azure,,Google Cloud
ANALYTICS SURVEY,2020-06-06 09:58:01,vdraine@so-net.ne.jp,Iran,IR,Research Associate,beginner,expert,competent,expert,competent,beginner,none,expert,beginner,competent,beginner,3,Microsoft SQL Server,Google Cloud,Google Cloud;AWS;Azure,AWS,Azure,Google Cloud;AWS;Azure,AWS
ANALYTICS SURVEY,2020-02-28 03:24:24,mbrinsonf@seattletimes.com,Indonesia,ID,Paralegal,beginner,proficient,proficient,none,beginner,competent,competent,proficient,proficient,competent,proficient,1,Amazon Redshift,Google Cloud,Google Cloud;AWS,AWS Azure,Azure,On-premise;Azure,Azure
ANALYTICS SURVEY FEB-21,2020-06-29 13:06:59,cwonfarg@cnet.com,Indonesia,ID,Financial Advisor,proficient,beginner,expert,proficient,expert,none,competent,none,none,competent,beginner,5,Amazon Redshift;Teradata,AWS,AWS;Azure,Google Cloud;Azure,"Google Cloud;On-premise,AWS",Azure,On-premise;AWS
ANALYTICS SURVEY RETAIL,2020-04-18 04:05:02,wgatlandh@hud.gov,Brazil,BR,Financial Advisor,,competent,none,,expert,competent,competent,competent,,none,expert,,Amazon Redshift;Teradata,AWS,AWS;Azure,,"Google Cloud;On-premise,AWS",,AWS
ANALYTICS SURVEY RETAIL,2020-12-01 21:41:53,fkopelmani@woothemes.com,Argentina,AR,GIS Technical Architect,proficient,beginner,none,expert,beginner,expert,beginner,proficient,expert,proficient,none,4,Amazon Redshift;Google Cloud BigQuery;Oracle Database,On-premise,AWS;Azure,AWS Azure,Google Cloud;AWS;Azure,"Google Cloud;On-premise,AWS","Google Cloud;On-premise,AWS"
ANALYTICS SURVEY,2020-03-25 23:21:08,tjouannyj@ebay.com,Indonesia,ID,Physical Therapy Assistant,competent,none,beginner,proficient,competent,none,proficient,beginner,expert,proficient,none,5,Amazon Redshift,AWS,AWS;Azure,Azure,On-premise;AWS,Google Cloud;On-premise;Azure,Google Cloud;AWS;Azure
ANALYTICS SURVEY FEB-21,2020-05-27 02:58:00,tpingstonek@about.me,Ukraine,UA,Chemical Engineer,competent,proficient,expert,none,beginner,expert,none,beginner,expert,competent,none,4,Amazon Redshift;Teradata,Azure,Google Cloud;Azure,Google Cloud;AWS,Google Cloud;On-premise;Azure,Google Cloud,Google Cloud;On-premise;Azure
ANALYTICS SURVEY FSI,2020-05-09 09:23:17,gruddiforthl@scribd.com,Uzbekistan,UZ,Senior Quality Engineer,competent,expert,competent,none,beginner,competent,proficient,none,competent,none,expert,1,Oracle Database,On-premise,AWS;Azure,Google Cloud,Google Cloud;AWS;Azure,On-premise;AWS,Azure
ANALYTICS SURVEY JAN-21,2020-01-20 23:14:42,ftilliardsm@cdbaby.com,Russia,RU,Electrical Engineer,competent,none,expert,beginner,expert,expert,none,proficient,competent,proficient,beginner,5,Microsoft SQL Server,On-premise,AWS,AWS,Azure,Google Cloud;On-premise;Azure,Azure
ANALYTICS SURVEY JAN-21,2020-11-17 07:07:44,ofennyn@fda.gov,China,CN,Desktop Support Technician,competent,proficient,proficient,competent,expert,beginner,none,competent,beginner,competent,beginner,1,Amazon Redshift;Teradata,AWS,Google Cloud;AWS,Azure,AWS,Azure,AWS
ANALYTICS SURVEY FEB-21,2020-07-30 14:49:24,ndarrigoeo@time.com,Chile,CL,Senior Quality Engineer,beginner,beginner,none,none,competent,competent,proficient,expert,none,beginner,expert,3,Amazon Redshift;Google Cloud BigQuery;Oracle Database,On-premise,Google Cloud;AWS;Azure,Google Cloud;AWS,Google Cloud,"Google Cloud;On-premise,AWS",Google Cloud;On-premise;Azure
ANALYTICS SURVEY,2020-03-01 08:58:17,ddinniesp@kickstarter.com,France,FR,Marketing Manager,proficient,competent,competent,proficient,expert,none,none,expert,beginner,none,beginner,2,Google Cloud BigQuery,AWS,Google Cloud;AWS;Azure,AWS,Google Cloud,On-premise;Azure,On-premise
ANALYTICS SURVEY JAN-21,2020-09-09 02:21:54,jkintzelq@homestead.com,United States,US,Occupational Therapist,expert,expert,none,expert,beginner,expert,proficient,proficient,expert,none,beginner,3,Teradata,AWS,Google Cloud;AWS,Google Cloud;AWS,AWS;Azure,Google Cloud,Google Cloud
ANALYTICS SURVEY,2020-03-22 17:23:02,dfakesr@go.com,Poland,PL,Human Resources Manager,proficient,proficient,competent,expert,none,competent,none,proficient,expert,proficient,none,1,Teradata,AWS,Google Cloud;AWS;Azure,Google Cloud;AWS,On-premise;AWS,AWS,Google Cloud
ANALYTICS SURVEY FEB-21,2020-02-14 09:42:28,kbruinemans@woothemes.com,Czech Republic,CZ,Electrical Engineer,competent,competent,competent,none,proficient,competent,proficient,expert,none,competent,beginner,4,Amazon Redshift,Google Cloud,Google Cloud;Azure,AWS Azure,On-premise;AWS,"Google Cloud;On-premise,AWS",AWS
ANALYTICS SURVEY,2020-02-12 09:50:37,sthodayt@mlb.com,France,FR,Teacher,proficient,competent,none,competent,competent,none,none,none,expert,expert,competent,2,Oracle Database,AWS,AWS;Azure,AWS Azure,Azure,AWS,AWS;Azure
ANALYTICS SURVEY FEB-21,2020-11-22 07:49:34,flebandu@friendfeed.com,Germany,DE,Database Administrator IV,competent,proficient,none,competent,none,none,none,proficient,proficient,proficient,beginner,1,Teradata,Azure,Google Cloud,Google Cloud;AWS,AWS;Azure,"Google Cloud;On-premise,AWS",AWS;Azure
ANALYTICS SURVEY,2020-05-08 00:40:36,opoatv@dell.com,Republic of the Congo,CG,Account Executive,expert,proficient,proficient,competent,none,none,competent,expert,competent,proficient,none,1,Teradata,On-premise,AWS;Azure,AWS,Azure,"Google Cloud;On-premise,AWS",On-premise
ANALYTICS SURVEY FEB-21,2020-05-18 15:52:36,descoffreyw@salon.com,Russia,RU,Legal Assistant,proficient,proficient,none,expert,beginner,expert,beginner,expert,expert,competent,beginner,4,Amazon Redshift;Teradata,Google Cloud,AWS;Azure,AWS Azure,AWS;Azure,Google Cloud,Google Cloud
ANALYTICS SURVEY,2020-06-14 21:54:09,jogelbex@oakley.com,Japan,JP,Associate Professor,none,competent,none,none,expert,competent,beginner,none,beginner,none,beginner,1,Teradata,On-premise,AWS;Azure,AWS Azure,AWS,On-premise;AWS,On-premise
ANALYTICS SURVEY RETAIL,2020-05-22 13:14:36,gtruwerty@google.com.au,Brazil,BR,Senior Developer,none,expert,beginner,none,none,proficient,beginner,none,competent,beginner,proficient,5,Amazon Redshift;Teradata,On-premise,Google Cloud;AWS,AWS,Google Cloud,Google Cloud;On-premise;Azure,"Google Cloud;On-premise,AWS"
ANALYTICS SURVEY FEB-21,2020-06-11 07:02:36,acainz@cpanel.net,China,CN,Recruiting Manager,beginner,none,expert,none,proficient,proficient,none,proficient,none,proficient,proficient,5,Amazon Redshift;Teradata,Azure,AWS,Google Cloud;AWS;Azure,Google Cloud,Azure,On-premise;AWS
ANALYTICS SURVEY,2020-06-17 00:09:39,bearly10@utexas.edu,Philippines,PH,Physical Therapy Assistant,expert,expert,proficient,none,beginner,beginner,competent,beginner,beginner,beginner,beginner,5,Teradata,On-premise,AWS,AWS Azure,Azure,On-premise,"Google Cloud;On-premise,AWS"
ANALYTICS SURVEY,2020-09-06 07:01:58,charkes11@biglobe.ne.jp,France,FR,Junior Executive,proficient,expert,proficient,expert,competent,competent,none,beginner,expert,proficient,beginner,5,Amazon Redshift,AWS,Google Cloud,Google Cloud;AWS;Azure,On-premise,Google Cloud,Google Cloud;AWS;Azure
ANALYTICS SURVEY FSI,2020-01-23 10:17:56,imccobb12@netvibes.com,Indonesia,ID,Help Desk Technician,competent,beginner,proficient,beginner,competent,expert,proficient,expert,none,proficient,none,1,Amazon Redshift,On-premise,Google Cloud,Azure,On-premise;Azure,Google Cloud;On-premise;Azure,On-premise;Azure
ANALYTICS SURVEY,2020-10-20 13:19:32,cmilington13@blinklist.com,France,FR,Structural Engineer,expert,none,competent,proficient,competent,beginner,none,beginner,proficient,competent,beginner,5,Microsoft SQL Server,Google Cloud,Google Cloud;Azure,Azure,Google Cloud,On-premise,"Google Cloud;On-premise,AWS"
ANALYTICS SURVEY FEB-21,2020-03-08 05:00:37,dboynton14@acquirethisname.com,Colombia,CO,Information Systems Manager,expert,expert,expert,proficient,beginner,proficient,expert,proficient,none,none,expert,2,Microsoft SQL Server,Azure,Azure,Google Cloud,Google Cloud;On-premise;Azure,AWS;Azure,AWS
ANALYTICS SURVEY FSI,2020-08-17 03:44:23,aeglinton15@weebly.com,Peru,PE,Media Manager IV,proficient,beginner,expert,none,expert,competent,none,expert,beginner,competent,competent,2,Microsoft SQL Server,AWS,AWS,Google Cloud;AWS;Azure,On-premise;Azure,Google Cloud;AWS;Azure,"Google Cloud;On-premise,AWS"
ANALYTICS SURVEY FSI,2020-01-20 02:05:16,sbrabyn16@vkontakte.ru,Sweden,SE,Administrative Assistant III,,proficient,none,,competent,none,expert,beginner,,competent,proficient,,Amazon Redshift,Google Cloud,AWS;Azure,,On-premise;AWS,,On-premise
ANALYTICS SURVEY RETAIL,2020-11-05 00:37:22,mperche17@geocities.jp,Canada,CA,Social Worker,beginner,beginner,none,proficient,competent,competent,beginner,proficient,beginner,beginner,expert,5,Microsoft SQL Server,Google Cloud,Google Cloud;AWS,Google Cloud;AWS;Azure,AWS,"Google Cloud;On-premise,AWS",Google Cloud
ANALYTICS SURVEY FSI,2020-05-31 00:06:14,rpinchin18@senate.gov,Syria,SY,Assistant Professor,expert,proficient,proficient,expert,expert,expert,beginner,proficient,beginner,beginner,expert,2,Microsoft SQL Server,Google Cloud,Azure,Azure,Google Cloud;On-premise;Azure,"Google Cloud;On-premise,AWS",On-premise;Azure
ANALYTICS SURVEY FEB-21,2020-07-09 17:55:38,abattrum19@simplemachines.org,Portugal,PT,Graphic Designer,beginner,proficient,competent,beginner,expert,beginner,expert,none,none,competent,proficient,2,Google Cloud BigQuery,On-premise,Google Cloud;AWS;Azure,Google Cloud;AWS,Azure,On-premise,"Google Cloud;On-premise,AWS"
ANALYTICS SURVEY FEB-21,2020-02-19 23:50:48,mmacsweeney1a@unc.edu,Greece,GR,Associate Professor,proficient,proficient,beginner,proficient,beginner,competent,competent,beginner,competent,none,proficient,4,Microsoft SQL Server,Google Cloud,Google Cloud;AWS,AWS,Google Cloud;AWS;Azure,Google Cloud;On-premise;Azure,Azure
ANALYTICS SURVEY JAN-21,2020-03-27 20:11:30,sbudnik1b@webeden.co.uk,Yemen,YE,Biostatistician I,none,expert,competent,none,beginner,none,competent,beginner,competent,beginner,beginner,4,Amazon Redshift;Teradata,AWS,AWS;Azure,Google Cloud;Azure,Google Cloud,On-premise;Azure,Google Cloud
ANALYTICS SURVEY JAN-21,2020-03-16 08:38:08,bimesen1c@meetup.com,Japan,JP,Financial Advisor,competent,competent,competent,beginner,none,competent,proficient,expert,beginner,beginner,beginner,5,Microsoft SQL Server,On-premise,Google Cloud;AWS,AWS Azure,"Google Cloud;On-premise,AWS",On-premise,On-premise;Azure
ANALYTICS SURVEY RETAIL,2020-07-22 08:41:48,elissandre1d@earthlink.net,New Zealand,NZ,Technical Writer,none,proficient,competent,beginner,beginner,none,competent,proficient,none,competent,proficient,1,Oracle Database,Azure,Google Cloud;Azure,Google Cloud;AWS;Azure,Google Cloud;On-premise;Azure,Google Cloud;On-premise;Azure,Azure
ANALYTICS SURVEY RETAIL,2020-05-06 10:31:48,hsyvret1e@amazon.co.uk,France,FR,Product Engineer,none,proficient,proficient,beginner,expert,expert,proficient,beginner,expert,none,competent,2,Amazon Redshift,On-premise,AWS,Google Cloud,Google Cloud;On-premise;Azure,Google Cloud,AWS;Azure
ANALYTICS SURVEY,2020-08-31 21:17:18,fbelsey1f@multiply.com,Sweden,SE,Marketing Assistant,expert,competent,competent,none,beginner,none,expert,beginner,expert,competent,proficient,2,Google Cloud BigQuery,AWS,Google Cloud,Google Cloud;AWS,"Google Cloud;On-premise,AWS",On-premise;Azure,"Google Cloud;On-premise,AWS"
ANALYTICS SURVEY RETAIL,2020-10-03 04:05:11,rwisniowski1g@storify.com,China,CN,Safety Technician IV,beginner,proficient,proficient,competent,expert,proficient,beginner,competent,none,proficient,expert,1,Amazon Redshift;Google Cloud BigQuery;Oracle Database,AWS,Google Cloud;AWS;Azure,Google Cloud,On-premise;Azure,Azure,On-premise;AWS
ANALYTICS SURVEY FSI,2020-03-05 19:10:16,mchatain1h@reverbnation.com,Russia,RU,Research Nurse,beginner,expert,proficient,none,none,expert,competent,expert,competent,beginner,competent,5,Amazon Redshift,Google Cloud,Azure,AWS Azure,AWS;Azure,Google Cloud;AWS;Azure,AWS
ANALYTICS SURVEY FSI,2020-05-29 16:56:07,cwheildon1i@latimes.com,Sweden,SE,Software Test Engineer I,competent,none,expert,proficient,proficient,expert,beginner,beginner,beginner,none,competent,1,Microsoft SQL Server,Azure,AWS;Azure,Azure,Google Cloud;AWS;Azure,Google Cloud;On-premise;Azure,"Google Cloud;On-premise,AWS"
ANALYTICS SURVEY FEB-21,2020-11-24 11:34:59,dnoquet1j@umich.edu,China,CN,Staff Scientist,beginner,proficient,none,competent,expert,competent,proficient,expert,expert,expert,competent,5,Amazon Redshift;Google Cloud BigQuery;Oracle Database,On-premise,Google Cloud;Azure,Azure,On-premise,Azure,Google Cloud
ANALYTICS SURVEY FSI,2020-06-25 18:46:00,aclohissy1k@flavors.me,Indonesia,ID,Graphic Designer,competent,competent,none,beginner,expert,competent,beginner,expert,beginner,none,proficient,4,Amazon Redshift;Teradata,On-premise,Azure,Google Cloud;Azure,Azure,On-premise;Azure,Azure
ANALYTICS SURVEY FEB-21,2020-11-16 14:25:34,cmartellini1l@amazon.de,Croatia,HR,Occupational Therapist,expert,expert,beginner,proficient,proficient,beginner,beginner,competent,proficient,competent,expert,5,Microsoft SQL Server,AWS,Google Cloud;AWS,AWS Azure,On-premise;AWS,"Google Cloud;On-premise,AWS",AWS
ANALYTICS SURVEY RETAIL,2020-08-30 20:20:57,pkeddey1m@taobao.com,China,CN,Professor,competent,beginner,proficient,proficient,competent,proficient,competent,expert,expert,proficient,expert,3,Oracle Database,Azure,Google Cloud;Azure,Azure,On-premise;Azure,On-premise,Google Cloud
ANALYTICS SURVEY RETAIL,2020-07-24 18:05:24,cvlasov1n@hibu.com,Ukraine,UA,Food Chemist,beginner,competent,expert,expert,proficient,competent,none,expert,none,expert,beginner,3,Teradata,Azure,Google Cloud,Google Cloud;Azure,Google Cloud;On-premise;Azure,"Google Cloud;On-premise,AWS",AWS
ANALYTICS SURVEY RETAIL,2020-01-29 15:00:02,cberntsson1o@google.nl,Philippines,PH,Community Outreach Specialist,expert,expert,proficient,none,competent,none,expert,proficient,competent,none,beginner,1,Amazon Redshift,Azure,Google Cloud;AWS,AWS,AWS;Azure,"Google Cloud;On-premise,AWS",On-premise
ANALYTICS SURVEY,2020-05-23 20:42:30,tskittrell1p@google.com.au,Indonesia,ID,Junior Executive,expert,beginner,proficient,proficient,none,competent,beginner,proficient,none,expert,expert,2,Microsoft SQL Server,On-premise,Google Cloud;AWS,Azure,Google Cloud,On-premise,Google Cloud;On-premise;Azure
ANALYTICS SURVEY FEB-21,2020-02-17 00:44:47,rbeer1q@myspace.com,Sweden,SE,Senior Editor,expert,beginner,competent,none,competent,competent,beginner,competent,proficient,expert,expert,4,Amazon Redshift;Google Cloud BigQuery;Oracle Database,Azure,AWS;Azure,AWS Azure,On-premise,AWS,On-premise;AWS
ANALYTICS SURVEY FSI,2020-04-25 17:30:03,rcorah1r@virginia.edu,Poland,PL,Project Manager,competent,competent,beginner,expert,none,beginner,beginner,none,none,competent,none,1,Microsoft SQL Server,Google Cloud,Google Cloud;AWS;Azure,Google Cloud;Azure,On-premise,On-premise,Azure
ANALYTICS SURVEY JAN-21,2020-09-27 22:01:12,cbentick1s@redcross.org,China,CN,Internal Auditor,expert,competent,expert,beginner,proficient,beginner,proficient,expert,proficient,beginner,none,1,Oracle Database,Azure,Google Cloud;AWS;Azure,AWS Azure,On-premise,On-premise,On-premise;AWS
ANALYTICS SURVEY FEB-21,2020-06-29 20:44:03,clippini1t@people.com.cn,China,CN,GIS Technical Architect,proficient,proficient,beginner,competent,expert,proficient,competent,proficient,expert,proficient,beginner,3,Oracle Database,Azure,Google Cloud;AWS,Google Cloud;Azure,On-premise;AWS,"Google Cloud;On-premise,AWS",On-premise;AWS
ANALYTICS SURVEY,2020-10-28 17:16:09,msurguine1u@wikia.com,Ecuador,EC,Food Chemist,competent,expert,beginner,proficient,expert,expert,beginner,proficient,none,none,beginner,2,Oracle Database,On-premise,Google Cloud;Azure,Google Cloud,Azure,On-premise,On-premise
ANALYTICS SURVEY JAN-21,2020-11-14 03:26:24,eselwood1v@unesco.org,Afghanistan,AF,Chemical Engineer,expert,expert,none,none,proficient,none,competent,competent,competent,none,expert,1,Amazon Redshift,AWS,Google Cloud;Azure,Google Cloud;AWS,"Google Cloud;On-premise,AWS",On-premise;Azure,On-premise
ANALYTICS SURVEY FSI,2020-03-19 14:43:03,dlowther1w@toplist.cz,Albania,AL,Budget/Accounting Analyst IV,competent,proficient,proficient,competent,expert,proficient,none,none,none,competent,competent,3,Oracle Database,Google Cloud,Google Cloud;AWS;Azure,Google Cloud,Google Cloud;On-premise;Azure,Google Cloud;On-premise;Azure,Google Cloud
ANALYTICS SURVEY,2020-03-31 09:13:45,vlouch1x@imgur.com,Indonesia,ID,Engineer II,none,beginner,expert,beginner,competent,expert,none,expert,none,expert,beginner,1,Google Cloud BigQuery,AWS,Google Cloud;Azure,Google Cloud;AWS;Azure,On-premise;AWS,Google Cloud;On-premise;Azure,"Google Cloud;On-premise,AWS"
ANALYTICS SURVEY,2020-11-15 02:08:00,epegg1y@yellowpages.com,Portugal,PT,Staff Accountant III,competent,expert,competent,expert,proficient,none,competent,beginner,expert,expert,expert,5,Amazon Redshift;Google Cloud BigQuery;Oracle Database,Azure,AWS,Google Cloud,On-premise;Azure,On-premise,AWS
ANALYTICS SURVEY JAN-21,2020-03-12 04:36:51,srenahan1z@ebay.co.uk,Indonesia,ID,Budget/Accounting Analyst IV,beginner,competent,beginner,expert,proficient,beginner,none,none,beginner,beginner,competent,3,Amazon Redshift;Google Cloud BigQuery;Oracle Database,On-premise,Google Cloud;Azure,Google Cloud,AWS;Azure,Google Cloud;AWS;Azure,On-premise;Azure
ANALYTICS SURVEY,2020-06-26 21:05:10,rcarlsson20@columbia.edu,France,FR,Electrical Engineer,competent,none,beginner,proficient,beginner,proficient,expert,expert,expert,none,beginner,1,Microsoft SQL Server,Azure,AWS;Azure,Azure,On-premise;AWS,Google Cloud;On-premise;Azure,Google Cloud
ANALYTICS SURVEY,2020-10-06 17:34:08,bpetticrow21@hugedomains.com,Portugal,PT,Graphic Designer,beginner,expert,proficient,none,competent,competent,none,none,proficient,none,expert,2,Oracle Database,Azure,Google Cloud,Google Cloud,On-premise,Google Cloud;AWS;Azure,AWS
ANALYTICS SURVEY FEB-21,2020-05-21 19:56:20,ritzchaki22@163.com,China,CN,Marketing Assistant,competent,none,proficient,competent,none,expert,expert,proficient,competent,beginner,expert,1,Amazon Redshift;Teradata,Google Cloud,AWS;Azure,Google Cloud;AWS,Google Cloud;On-premise;Azure,Azure,On-premise
ANALYTICS SURVEY JAN-21,2020-05-23 02:36:05,mbroske23@google.cn,Indonesia,ID,Professor,beginner,proficient,none,proficient,competent,beginner,competent,beginner,proficient,competent,none,4,Google Cloud BigQuery,On-premise,Google Cloud;AWS;Azure,Google Cloud,"Google Cloud;On-premise,AWS",On-premise;AWS,On-premise;AWS
ANALYTICS SURVEY FSI,2020-08-27 15:32:17,ranger24@naver.com,Philippines,PH,Senior Financial Analyst,competent,proficient,beginner,proficient,competent,none,beginner,proficient,proficient,none,expert,3,Amazon Redshift;Google Cloud BigQuery;Oracle Database,Azure,AWS;Azure,Google Cloud;Azure,"Google Cloud;On-premise,AWS",On-premise,Google Cloud;On-premise;Azure
ANALYTICS SURVEY FSI,2020-05-30 20:16:24,arenison25@usda.gov,Thailand,TH,Chief Design Engineer,competent,expert,competent,beginner,proficient,none,proficient,none,beginner,none,competent,5,Microsoft SQL Server,Google Cloud,Google Cloud;AWS;Azure,Azure,On-premise,Google Cloud;AWS;Azure,Azure
ANALYTICS SURVEY RETAIL,2020-03-01 17:45:38,hissatt26@ox.ac.uk,Philippines,PH,Editor,expert,competent,beginner,expert,beginner,none,expert,expert,beginner,beginner,competent,2,Amazon Redshift;Teradata,AWS,Google Cloud;Azure,Google Cloud;Azure,Google Cloud;AWS;Azure,Google Cloud;AWS;Azure,AWS;Azure
ANALYTICS SURVEY,2020-02-25 08:58:30,rstobbart27@yolasite.com,Armenia,AM,Actuary,proficient,beginner,proficient,expert,proficient,beginner,none,beginner,none,proficient,beginner,1,Teradata,On-premise,Google Cloud;AWS,Google Cloud,Azure,Google Cloud;On-premise;Azure,On-premise
ANALYTICS SURVEY FSI,2020-09-17 00:40:19,chebblewhite28@deviantart.com,Sri Lanka,LK,VP Sales,none,competent,expert,none,competent,none,expert,proficient,expert,none,proficient,2,Amazon Redshift;Google Cloud BigQuery;Oracle Database,AWS,Google Cloud,AWS Azure,On-premise;AWS,Google Cloud;On-premise;Azure,Azure
ANALYTICS SURVEY,2020-12-04 18:29:26,anavarijo29@google.co.uk,China,CN,Software Engineer I,beginner,beginner,expert,expert,competent,proficient,competent,expert,expert,proficient,beginner,3,Microsoft SQL Server,On-premise,AWS;Azure,Google Cloud;Azure,AWS;Azure,Azure,On-premise;AWS
ANALYTICS SURVEY RETAIL,2020-11-04 03:00:41,kaggett2a@51.la,China,CN,Senior Quality Engineer,beginner,competent,competent,beginner,proficient,competent,competent,proficient,proficient,expert,competent,5,Microsoft SQL Server,Google Cloud,AWS;Azure,AWS Azure,Google Cloud;AWS;Azure,On-premise;Azure,AWS
ANALYTICS SURVEY FSI,2020-03-03 08:40:49,crathbourne2b@weather.com,Indonesia,ID,Health Coach III,expert,none,proficient,proficient,competent,expert,beginner,proficient,none,competent,proficient,5,Google Cloud BigQuery,Google Cloud,Google Cloud,AWS,On-premise;Azure,"Google Cloud;On-premise,AWS",AWS
ANALYTICS SURVEY RETAIL,2020-01-19 23:46:03,dgantlett2c@soup.io,Palestinian Territory,PS,VP Marketing,competent,beginner,expert,expert,proficient,beginner,none,beginner,none,none,expert,3,Teradata,Azure,Google Cloud;Azure,AWS Azure,On-premise;AWS,Google Cloud;AWS;Azure,AWS;Azure
ANALYTICS SURVEY FSI,2020-03-22 14:52:42,hdavidof2d@instagram.com,China,CN,Computer Systems Analyst III,proficient,none,competent,none,none,proficient,expert,beginner,proficient,expert,proficient,5,Microsoft SQL Server,Azure,Google Cloud;AWS,AWS,AWS,Azure,On-premise;AWS
ANALYTICS SURVEY FSI,2020-05-09 03:55:55,bwillshee2e@amazon.com,Cuba,CU,Structural Engineer,none,proficient,beginner,competent,beginner,expert,proficient,proficient,proficient,beginner,none,4,Amazon Redshift;Google Cloud BigQuery;Oracle Database,AWS,Google Cloud,AWS Azure,On-premise;AWS,Google Cloud;AWS;Azure,AWS
ANALYTICS SURVEY JAN-21,2020-08-18 09:31:02,swinwood2f@comcast.net,Poland,PL,Research Nurse,expert,beginner,expert,none,none,none,expert,competent,expert,proficient,beginner,1,Google Cloud BigQuery,Google Cloud,Google Cloud,AWS Azure,Azure,Google Cloud;AWS;Azure,On-premise;Azure
ANALYTICS SURVEY RETAIL,2020-03-16 13:35:47,ctungate2g@gizmodo.com,China,CN,Staff Scientist,competent,proficient,expert,beginner,expert,expert,competent,beginner,proficient,beginner,competent,3,Amazon Redshift;Google Cloud BigQuery;Oracle Database,Azure,Azure,AWS Azure,"Google Cloud;On-premise,AWS",AWS,Google Cloud
ANALYTICS SURVEY FSI,2020-02-27 21:00:34,bmcowis2h@free.fr,Indonesia,ID,Sales Associate,none,competent,none,expert,competent,none,none,beginner,expert,competent,proficient,5,Teradata,Google Cloud,AWS,Google Cloud;AWS,On-premise,On-premise;Azure,Azure
ANALYTICS SURVEY RETAIL,2020-07-27 17:16:00,kcapeling2i@shinystat.com,Indonesia,ID,Dental Hygienist,competent,competent,competent,competent,proficient,expert,competent,beginner,expert,none,none,3,Teradata,Google Cloud,Google Cloud;AWS;Azure,Azure,Google Cloud;AWS;Azure,"Google Cloud;On-premise,AWS","Google Cloud;On-premise,AWS"
ANALYTICS SURVEY FEB-21,2020-10-24 20:14:55,egargett2j@cargocollective.com,China,CN,Sales Associate,competent,expert,competent,competent,proficient,expert,competent,proficient,competent,none,expert,2,Amazon Redshift;Google Cloud BigQuery;Oracle Database,Azure,Google Cloud;AWS,Google Cloud,On-premise;AWS,"Google Cloud;On-premise,AWS",Google Cloud
ANALYTICS SURVEY,2020-07-10 19:48:18,thendonson2k@lulu.com,Greece,GR,Geologist IV,proficient,proficient,expert,beginner,proficient,expert,competent,expert,none,competent,none,1,Google Cloud BigQuery,On-premise,AWS,Google Cloud,Google Cloud,Azure,Google Cloud;On-premise;Azure
ANALYTICS SURVEY RETAIL,2020-09-24 22:53:39,lcrowne2l@latimes.com,Taiwan,TW,Software Engineer I,none,expert,expert,competent,proficient,competent,beginner,proficient,expert,competent,competent,2,Oracle Database,Google Cloud,AWS;Azure,AWS,Google Cloud;AWS;Azure,On-premise,Google Cloud;On-premise;Azure
ANALYTICS SURVEY RETAIL,2020-03-18 00:56:40,dhambly2m@bing.com,Spain,ES,Registered Nurse,competent,beginner,proficient,none,beginner,expert,beginner,proficient,proficient,proficient,beginner,5,Google Cloud BigQuery,Azure,Google Cloud;Azure,Google Cloud,On-premise,"Google Cloud;On-premise,AWS",On-premise;Azure
ANALYTICS SURVEY FEB-21,2020-10-11 10:09:35,kskells2n@wsj.com,Finland,FI,Food Chemist,proficient,competent,competent,beginner,none,expert,competent,expert,expert,proficient,beginner,2,Amazon Redshift;Teradata,On-premise,Google Cloud,Google Cloud;Azure,On-premise;Azure,Google Cloud;AWS;Azure,AWS
ANALYTICS SURVEY RETAIL,2020-06-14 18:00:14,cmarley2o@wordpress.com,Canada,CA,Assistant Manager,competent,competent,none,none,beginner,proficient,competent,proficient,beginner,proficient,beginner,4,Teradata,AWS,AWS;Azure,Google Cloud;Azure,Azure,On-premise,On-premise;AWS
ANALYTICS SURVEY,2020-02-19 23:48:59,theinssen2p@simplemachines.org,Sweden,SE,Engineer II,expert,none,expert,competent,competent,none,expert,none,proficient,none,proficient,2,Microsoft SQL Server,On-premise,AWS;Azure,Google Cloud;AWS;Azure,Google Cloud;AWS;Azure,"Google Cloud;On-premise,AWS",On-premise;AWS
ANALYTICS SURVEY FEB-21,2020-11-12 16:49:28,eshooter2q@printfriendly.com,Russia,RU,Food Chemist,none,none,none,competent,proficient,competent,expert,none,none,competent,none,5,Microsoft SQL Server,Google Cloud,Google Cloud,Google Cloud,On-premise;AWS,Azure,Azure
ANALYTICS SURVEY JAN-21,2020-05-10 04:54:18,rnewland2r@arstechnica.com,China,CN,Staff Accountant II,expert,beginner,competent,proficient,competent,expert,none,expert,none,none,beginner,1,Microsoft SQL Server,On-premise,AWS,AWS Azure,Google Cloud;On-premise;Azure,On-premise;Azure,AWS;Azure
ANALYTICS SURVEY,2020-08-28 01:13:57,mmatthieson2s@hugedomains.com,Peru,PE,Structural Analysis Engineer,none,beginner,none,expert,expert,competent,none,beginner,beginner,competent,competent,1,Amazon Redshift;Teradata,AWS,AWS;Azure,Google Cloud;AWS;Azure,"Google Cloud;On-premise,AWS",On-premise;Azure,Google Cloud
ANALYTICS SURVEY FEB-21,2020-02-20 06:48:11,amalmar2t@virginia.edu,Chile,CL,Web Designer II,,none,expert,,none,expert,proficient,none,,proficient,none,,Amazon Redshift;Teradata,Azure,AWS;Azure,,Google Cloud;AWS;Azure,,Google Cloud;AWS;Azure
ANALYTICS SURVEY JAN-21,2020-03-27 19:31:35,emabey2u@europa.eu,China,CN,Help Desk Operator,expert,none,proficient,competent,competent,proficient,expert,proficient,beginner,proficient,beginner,4,Microsoft SQL Server,On-premise,Google Cloud,Google Cloud;AWS,On-premise,AWS,On-premise;Azure
ANALYTICS SURVEY JAN-21,2020-01-17 03:28:40,ctattam2v@dmoz.org,Argentina,AR,Operator,proficient,proficient,none,beginner,proficient,expert,competent,none,expert,expert,expert,5,Microsoft SQL Server,On-premise,AWS,AWS,On-premise;AWS,Google Cloud;AWS;Azure,Google Cloud;AWS;Azure
ANALYTICS SURVEY,2020-01-13 17:15:58,gstrettle2w@eventbrite.com,Thailand,TH,Nurse,beginner,competent,competent,expert,beginner,proficient,none,proficient,expert,beginner,beginner,3,Amazon Redshift,Google Cloud,Google Cloud;Azure,Google Cloud;AWS;Azure,On-premise;Azure,On-premise;AWS,On-premise;AWS
ANALYTICS SURVEY,2020-05-10 00:12:09,kdorrell2x@mayoclinic.com,Portugal,PT,Civil Engineer,expert,competent,proficient,expert,competent,competent,competent,none,none,proficient,none,4,Oracle Database,AWS,Google Cloud,AWS,AWS;Azure,On-premise,AWS
ANALYTICS SURVEY RETAIL,2020-03-15 04:22:41,waloway2y@yale.edu,Ukraine,UA,Media Manager I,proficient,beginner,competent,proficient,competent,expert,proficient,none,none,beginner,none,1,Microsoft SQL Server,Azure,AWS,Google Cloud,On-premise;AWS,Google Cloud;On-premise;Azure,AWS
ANALYTICS SURVEY FEB-21,2020-06-10 02:30:42,fcree2z@networkadvertising.org,Guatemala,GT,Project Manager,none,beginner,none,competent,beginner,expert,proficient,expert,beginner,none,none,3,Teradata,Google Cloud,AWS;Azure,Google Cloud;Azure,AWS;Azure,Google Cloud,Azure
ANALYTICS SURVEY FEB-21,2020-08-07 23:17:44,kcurbishley30@engadget.com,Poland,PL,Teacher,none,none,none,competent,beginner,expert,expert,none,competent,beginner,expert,3,Amazon Redshift;Teradata,AWS,AWS,AWS,Google Cloud;AWS;Azure,AWS;Azure,Google Cloud
ANALYTICS SURVEY FEB-21,2020-10-30 18:36:30,kmctrusty31@dyndns.org,Indonesia,ID,Recruiter,none,none,proficient,expert,expert,competent,beginner,expert,beginner,beginner,competent,1,Amazon Redshift,Google Cloud,AWS,Google Cloud;AWS,On-premise;AWS,Google Cloud,Azure
ANALYTICS SURVEY,2020-04-16 22:59:49,hjobbins32@wired.com,Thailand,TH,Analyst Programmer,beginner,competent,none,proficient,none,expert,expert,expert,beginner,expert,expert,1,Microsoft SQL Server,AWS,Google Cloud;AWS,AWS Azure,Google Cloud;AWS;Azure,Google Cloud,Google Cloud
ANALYTICS SURVEY JAN-21,2020-02-17 12:28:04,jmaccombe33@yellowbook.com,Bosnia and Herzegovina,BA,Data Coordiator,beginner,proficient,competent,proficient,expert,expert,beginner,proficient,proficient,proficient,competent,4,Microsoft SQL Server,On-premise,Google Cloud;Azure,Google Cloud;AWS,"Google Cloud;On-premise,AWS",Google Cloud,Google Cloud
ANALYTICS SURVEY FSI,2020-03-05 20:17:01,rlanceter34@cnn.com,China,CN,Budget/Accounting Analyst II,none,competent,competent,expert,none,proficient,proficient,expert,beginner,proficient,competent,4,Teradata,On-premise,AWS,AWS Azure,Google Cloud;AWS;Azure,AWS,On-premise
ANALYTICS SURVEY FSI,2020-12-01 21:17:01,emoulding35@unicef.org,Indonesia,ID,Assistant Professor,none,beginner,proficient,none,proficient,beginner,expert,none,proficient,proficient,competent,3,Microsoft SQL Server,AWS,Google Cloud;Azure,Azure,"Google Cloud;On-premise,AWS",Google Cloud,Azure
ANALYTICS SURVEY FEB-21,2020-11-21 11:01:41,lmulrean36@simplemachines.org,South Africa,ZA,Administrative Officer,beginner,none,none,beginner,competent,proficient,proficient,none,none,competent,competent,4,Microsoft SQL Server,Google Cloud,Google Cloud;AWS;Azure,Azure,On-premise,On-premise;AWS,Google Cloud;On-premise;Azure
ANALYTICS SURVEY,2020-02-04 18:09:00,cadolthine37@addtoany.com,Croatia,HR,Teacher,,competent,proficient,,beginner,beginner,beginner,competent,,none,expert,,Microsoft SQL Server,AWS,Google Cloud;AWS,,Google Cloud,,AWS;Azure
ANALYTICS SURVEY JAN-21,2020-04-25 05:43:08,ahooke38@smugmug.com,United States,US,Chief Design Engineer,expert,beginner,beginner,competent,expert,beginner,none,proficient,beginner,proficient,proficient,4,Amazon Redshift;Teradata,On-premise,Google Cloud,Google Cloud;AWS;Azure,Azure,Google Cloud;On-premise;Azure,On-premise
ANALYTICS SURVEY FEB-21,2020-05-11 09:13:20,bmallard39@webnode.com,Portugal,PT,Accountant I,none,expert,competent,proficient,expert,competent,expert,competent,expert,expert,none,5,Amazon Redshift;Teradata,AWS,Google Cloud;Azure,AWS,On-premise;AWS,Azure,Google Cloud;On-premise;Azure
ANALYTICS SURVEY FSI,2020-01-18 15:33:53,hwearden3a@sina.com.cn,Portugal,PT,Analyst Programmer,none,beginner,expert,competent,beginner,expert,proficient,beginner,none,expert,expert,4,Google Cloud BigQuery,AWS,AWS,Google Cloud;AWS;Azure,AWS,Google Cloud;AWS;Azure,On-premise
ANALYTICS SURVEY JAN-21,2020-03-22 04:41:54,tbangley3b@who.int,Philippines,PH,Teacher,proficient,none,beginner,expert,proficient,none,beginner,beginner,none,beginner,proficient,4,Amazon Redshift;Teradata,Google Cloud,Azure,Google Cloud;Azure,Azure,AWS,Google Cloud;AWS;Azure
ANALYTICS SURVEY JAN-21,2020-10-20 20:43:33,gchristin3c@arizona.edu,Saint Helena,SH,Nuclear Power Engineer,proficient,proficient,none,none,beginner,competent,competent,none,beginner,proficient,expert,1,Amazon Redshift;Teradata,Google Cloud,Google Cloud;Azure,AWS Azure,On-premise;Azure,Azure,On-premise;AWS
ANALYTICS SURVEY JAN-21,2020-12-02 02:29:59,jmulford3d@ehow.com,China,CN,Biostatistician II,competent,none,beginner,beginner,expert,none,expert,none,proficient,competent,beginner,1,Microsoft SQL Server,Google Cloud,Google Cloud;AWS,Google Cloud,Azure,Azure,AWS
ANALYTICS SURVEY FSI,2020-08-11 02:50:50,ynutbeem3e@princeton.edu,Indonesia,ID,Chief Design Engineer,proficient,beginner,competent,proficient,beginner,none,expert,none,competent,competent,none,5,Amazon Redshift;Teradata,On-premise,AWS,Google Cloud;AWS;Azure,Azure,Google Cloud;AWS;Azure,On-premise;AWS
ANALYTICS SURVEY JAN-21,2020-08-02 13:02:26,pdoggerell3f@mail.ru,United States,US,Staff Scientist,expert,none,beginner,proficient,proficient,competent,expert,competent,none,competent,expert,4,Oracle Database,Google Cloud,AWS,Google Cloud;AWS;Azure,"Google Cloud;On-premise,AWS",Google Cloud,"Google Cloud;On-premise,AWS"
ANALYTICS SURVEY RETAIL,2020-11-01 09:28:18,fvalente3g@forbes.com,Kazakhstan,KZ,Biostatistician II,competent,expert,none,expert,proficient,beginner,expert,expert,expert,competent,beginner,1,Amazon Redshift;Teradata,Azure,Azure,Google Cloud;AWS;Azure,Azure,AWS;Azure,Google Cloud;AWS;Azure
ANALYTICS SURVEY RETAIL,2020-06-20 02:04:34,imorriss3h@example.com,France,FR,Chief Design Engineer,proficient,competent,none,expert,proficient,expert,competent,beginner,proficient,competent,beginner,1,Oracle Database,AWS,Azure,Google Cloud,Google Cloud;AWS;Azure,On-premise;AWS,On-premise;Azure
ANALYTICS SURVEY FEB-21,2020-06-30 23:13:16,amundie3i@ucoz.ru,Ukraine,UA,Account Coordinator,expert,expert,competent,none,proficient,competent,none,proficient,beginner,beginner,proficient,5,Microsoft SQL Server,On-premise,Google Cloud,AWS,Azure,On-premise;AWS,On-premise;Azure
ANALYTICS SURVEY RETAIL,2020-03-01 01:21:40,hhonnicott3j@gravatar.com,Norway,NO,Geological Engineer,competent,none,beginner,proficient,none,none,expert,beginner,competent,competent,none,5,Amazon Redshift;Google Cloud BigQuery;Oracle Database,On-premise,Google Cloud;Azure,Google Cloud;Azure,AWS,On-premise;AWS,"Google Cloud;On-premise,AWS"
ANALYTICS SURVEY FEB-21,2020-03-18 19:55:18,sgodbolt3k@mozilla.com,Portugal,PT,Account Representative I,expert,competent,beginner,proficient,expert,competent,none,proficient,competent,beginner,none,2,Amazon Redshift;Teradata,AWS,Google Cloud;AWS,Google Cloud;AWS,Google Cloud;On-premise;Azure,On-premise,AWS
ANALYTICS SURVEY FEB-21,2020-03-06 21:46:53,abeachem3l@cisco.com,Indonesia,ID,Environmental Tech,proficient,beginner,proficient,expert,competent,expert,beginner,competent,competent,expert,proficient,5,Amazon Redshift;Teradata,Azure,Google Cloud;AWS;Azure,Google Cloud;Azure,"Google Cloud;On-premise,AWS",Google Cloud,Azure
ANALYTICS SURVEY JAN-21,2020-10-27 07:14:13,nshildrick3m@un.org,China,CN,Environmental Tech,expert,expert,proficient,competent,proficient,expert,none,competent,competent,competent,beginner,2,Microsoft SQL Server,Google Cloud,Google Cloud,Google Cloud;AWS,Google Cloud,Azure,On-premise;AWS
ANALYTICS SURVEY RETAIL,2020-05-25 04:09:58,dpauls3n@ted.com,Philippines,PH,Actuary,proficient,beginner,competent,proficient,expert,proficient,expert,beginner,none,competent,competent,2,Teradata,On-premise,AWS;Azure,Google Cloud;AWS;Azure,On-premise;Azure,Google Cloud;On-premise;Azure,"Google Cloud;On-premise,AWS"
ANALYTICS SURVEY JAN-21,2020-06-22 23:53:09,kbacks3o@nature.com,China,CN,Software Consultant,beginner,proficient,expert,competent,none,competent,proficient,beginner,beginner,none,beginner,5,Microsoft SQL Server,Azure,Google Cloud;AWS;Azure,Azure,Google Cloud;AWS;Azure,AWS;Azure,Google Cloud;AWS;Azure
ANALYTICS SURVEY JAN-21,2020-11-17 06:25:08,ndavison3p@economist.com,China,CN,Speech Pathologist,beginner,competent,none,beginner,beginner,beginner,competent,expert,expert,proficient,proficient,4,Amazon Redshift,AWS,Google Cloud,AWS Azure,Google Cloud;AWS;Azure,"Google Cloud;On-premise,AWS","Google Cloud;On-premise,AWS"
ANALYTICS SURVEY FEB-21,2020-09-05 09:29:00,hkleimt3q@typepad.com,China,CN,Tax Accountant,competent,none,expert,expert,beginner,beginner,none,none,beginner,competent,beginner,4,Amazon Redshift;Teradata,AWS,Google Cloud;AWS;Azure,Google Cloud;AWS,On-premise,Google Cloud;AWS;Azure,Azure
ANALYTICS SURVEY JAN-21,2020-02-21 22:36:36,aelegood3r@ihg.com,Peru,PE,Recruiter,none,competent,expert,proficient,none,competent,beginner,none,proficient,competent,none,4,Microsoft SQL Server,Azure,AWS;Azure,Google Cloud;AWS,Google Cloud;AWS;Azure,Azure,Google Cloud;On-premise;Azure
ANALYTICS SURVEY RETAIL,2020-10-06 04:19:14,mgossington3s@go.com,Russia,RU,Pharmacist,none,beginner,expert,expert,expert,none,competent,competent,expert,competent,competent,4,Teradata,On-premise,Google Cloud;AWS;Azure,Google Cloud;Azure,AWS;Azure,On-premise;AWS,AWS;Azure
ANALYTICS SURVEY RETAIL,2020-02-06 07:25:18,lbonavia3t@baidu.com,Peru,PE,Civil Engineer,competent,expert,competent,expert,beginner,none,none,competent,competent,expert,expert,2,Teradata,On-premise,AWS,Google Cloud,Google Cloud;On-premise;Azure,AWS,"Google Cloud;On-premise,AWS"
ANALYTICS SURVEY FSI,2020-08-22 18:27:12,hphipson3u@icq.com,China,CN,Systems Administrator II,proficient,expert,none,competent,competent,expert,none,none,beginner,proficient,expert,3,Teradata,Google Cloud,AWS,Google Cloud,Google Cloud,AWS;Azure,On-premise;Azure
ANALYTICS SURVEY FEB-21,2020-06-04 13:46:29,dstopp3v@bandcamp.com,Argentina,AR,Assistant Manager,expert,competent,competent,competent,expert,beginner,beginner,none,competent,competent,beginner,3,Amazon Redshift,Google Cloud,Google Cloud,Azure,"Google Cloud;On-premise,AWS","Google Cloud;On-premise,AWS",Google Cloud;AWS;Azure
ANALYTICS SURVEY FEB-21,2020-11-02 19:45:48,lmcgloughlin3w@clickbank.net,Indonesia,ID,Health Coach IV,competent,proficient,none,competent,expert,none,beginner,expert,competent,competent,expert,4,Microsoft SQL Server,AWS,AWS;Azure,AWS,AWS;Azure,Google Cloud,On-premise
ANALYTICS SURVEY FSI,2020-03-01 10:19:55,pcaselick3x@cbsnews.com,Colombia,CO,Research Nurse,none,competent,competent,none,expert,none,none,none,beginner,proficient,competent,5,Microsoft SQL Server,AWS,Azure,Google Cloud;AWS,Google Cloud;AWS;Azure,On-premise,AWS
ANALYTICS SURVEY RETAIL,2020-04-17 02:39:53,gtheml3y@tumblr.com,Bangladesh,BD,Senior Financial Analyst,none,none,competent,beginner,beginner,competent,none,competent,none,none,proficient,2,Teradata,On-premise,Google Cloud;Azure,Google Cloud;AWS;Azure,"Google Cloud;On-premise,AWS","Google Cloud;On-premise,AWS","Google Cloud;On-premise,AWS"
ANALYTICS SURVEY FSI,2020-03-03 07:36:53,sgawthrop3z@patch.com,France,FR,Administrative Officer,competent,competent,expert,none,competent,none,proficient,beginner,expert,none,competent,1,Amazon Redshift,On-premise,Google Cloud;AWS;Azure,Google Cloud,"Google Cloud;On-premise,AWS",Google Cloud;AWS;Azure,Azure
ANALYTICS SURVEY FSI,2020-04-13 16:05:56,ksurcombe40@wikipedia.org,Brazil,BR,Mechanical Systems Engineer,proficient,competent,competent,beginner,expert,proficient,competent,proficient,competent,none,competent,5,Microsoft SQL Server,On-premise,Google Cloud;AWS,AWS,On-premise;AWS,AWS;Azure,"Google Cloud;On-premise,AWS"
ANALYTICS SURVEY FEB-21,2020-03-31 22:55:23,rmannock41@va.gov,Mali,ML,Desktop Support Technician,proficient,proficient,proficient,beginner,none,none,competent,beginner,beginner,expert,expert,3,Google Cloud BigQuery,Google Cloud,Google Cloud;AWS,Google Cloud;AWS,Azure,Google Cloud;AWS;Azure,Google Cloud;AWS;Azure
ANALYTICS SURVEY,2020-04-12 06:44:12,lgierck42@thetimes.co.uk,China,CN,Analyst Programmer,none,competent,proficient,proficient,proficient,beginner,none,competent,proficient,proficient,beginner,3,Oracle Database,AWS,Azure,AWS,Google Cloud;AWS;Azure,On-premise,Azure
ANALYTICS SURVEY JAN-21,2020-05-30 04:14:51,amazonowicz43@mit.edu,Indonesia,ID,Recruiter,beginner,competent,none,expert,beginner,beginner,proficient,proficient,none,competent,proficient,3,Google Cloud BigQuery,AWS,Google Cloud;AWS,Google Cloud;AWS,Google Cloud,On-premise;Azure,Google Cloud
ANALYTICS SURVEY FSI,2020-11-11 23:52:16,cbrookson44@uol.com.br,Indonesia,ID,Recruiting Manager,expert,proficient,beginner,expert,competent,proficient,competent,expert,expert,beginner,expert,4,Google Cloud BigQuery,On-premise,Google Cloud,AWS,AWS,"Google Cloud;On-premise,AWS",On-premise;AWS
ANALYTICS SURVEY JAN-21,2020-09-12 11:34:51,cperree45@booking.com,Mozambique,MZ,Help Desk Operator,competent,expert,proficient,proficient,none,proficient,competent,competent,proficient,competent,expert,1,Google Cloud BigQuery,Azure,Google Cloud;AWS;Azure,AWS Azure,AWS,Google Cloud,AWS
